{"payload":{"allShortcutsEnabled":false,"fileTree":{"":{"items":[{"name":"EXP 1-DDL COMANDS","path":"EXP 1-DDL COMANDS","contentType":"file"},{"name":"EXP 2- DDL CONSTRAINTS","path":"EXP 2- DDL CONSTRAINTS","contentType":"file"},{"name":"EXP 3-DML COMMANDS","path":"EXP 3-DML COMMANDS","contentType":"file"},{"name":"EXP 4-SELECT WITH VARIOUS CLAUSE-WHERE,PATTERN MATHING","path":"EXP 4-SELECT WITH VARIOUS CLAUSE-WHERE,PATTERN MATHING","contentType":"file"},{"name":"EXP 5-SELECT WITH VARIOUS CLAUSE-BETWEEN,IN","path":"EXP 5-SELECT WITH VARIOUS CLAUSE-BETWEEN,IN","contentType":"file"},{"name":"EXP 6- GROUP BY ,IN,ORDER BY","path":"EXP 6- GROUP BY ,IN,ORDER BY","contentType":"file"},{"name":"EXP 7-SUBQUERY AND CORRELATED QUERY","path":"EXP 7-SUBQUERY AND CORRELATED QUERY","contentType":"file"},{"name":"EXP 8- JOINS","path":"EXP 8- JOINS","contentType":"file"},{"name":"EXP 9-VIEW,INDEX,SEQUENCE","path":"EXP 9-VIEW,INDEX,SEQUENCE","contentType":"file"},{"name":"EXP10 -Simple programming  exercises using CASE, IF, ITERATE,LEAVE, LOOP","path":"EXP10 -Simple programming  exercises using CASE, IF, ITERATE,LEAVE, LOOP","contentType":"file"},{"name":"EXP11-Simple programming  exercises using REPEAT, WHILE","path":"EXP11-Simple programming  exercises using REPEAT, WHILE","contentType":"file"},{"name":"EXP12-TCL Commands – COMMIT, ROLLBACK, SAVEPOINT","path":"EXP12-TCL Commands – COMMIT, ROLLBACK, SAVEPOINT","contentType":"file"},{"name":"EXP13 DCL Commands – GRANT, REVOKE","path":"EXP13 DCL Commands – GRANT, REVOKE","contentType":"file"},{"name":"EXP14- Procedures","path":"EXP14- Procedures","contentType":"file"},{"name":"EXP15-Function","path":"EXP15-Function","contentType":"file"},{"name":"EXP16-Cursors","path":"EXP16-Cursors","contentType":"file"},{"name":"EXP17-Triggers","path":"EXP17-Triggers","contentType":"file"},{"name":"EXP18-DATABASE CONNECTIVITY USING PHP AND MYSQL.docx","path":"EXP18-DATABASE CONNECTIVITY USING PHP AND MYSQL.docx","contentType":"file"},{"name":"EXP18-Database Connectivity – Using PhP& MySQL","path":"EXP18-Database Connectivity – Using PhP& MySQL","contentType":"file"},{"name":"README.md","path":"README.md","contentType":"file"}],"totalCount":20}},"fileTreeProcessingTime":3.4506430000000003,"foldersToFetch":[],"reducedMotionEnabled":null,"repo":{"id":706541818,"defaultBranch":"main","name":"CSA0522","ownerLogin":"dhamu947","currentUserCanPush":false,"isFork":false,"isEmpty":false,"createdAt":"2023-10-18T06:46:28.000Z","ownerAvatar":"https://avatars.githubusercontent.com/u/124136816?v=4","public":true,"private":false,"isOrgOwned":false},"symbolsExpanded":false,"treeExpanded":true,"refInfo":{"name":"main","listCacheKey":"v0:1697619216.0","canEdit":false,"refType":"branch","currentOid":"69f4a45cddbe6843a37d6aebe151e2edc087bd16"},"path":"EXP12-TCL Commands – COMMIT, ROLLBACK, SAVEPOINT","currentUser":null,"blob":{"rawLines":["mysql> use gb;","Database changed","mysql> show tables;","+--------------+","| Tables_in_gb |","+--------------+","| cbn          |","| def          |","| etv          |","| log          |","| oil          |","| ruler        |","| student      |","| view1        |","| view2        |","| view3        |","| view6        |","| view7        |","+--------------+","12 rows in set (0.00 sec)","","mysql> select*from oil;","+------+------+","| id   | name |","+------+------+","|   32 | rfg  |","|   63 | mnb  |","+------+------+","2 rows in set (0.00 sec)","","mysql> altaer table oil add gender varchar(78);","ERROR 1064 (42000): You have an error in your SQL syntax; check the manual that corresponds to your MySQL server version for the right syntax to use near 'altaer table oil add gender varchar(78)' at line 1","mysql> alter table oil add gender varchar(78);","Query OK, 0 rows affected (0.02 sec)","Records: 0  Duplicates: 0  Warnings: 0","","mysql> select*from oil;","+------+------+--------+","| id   | name | gender |","+------+------+--------+","|   32 | rfg  | NULL   |","|   63 | mnb  | NULL   |","+------+------+--------+","2 rows in set (0.00 sec)","","mysql> alter table oil modify column gender=male where id=32;","ERROR 1064 (42000): You have an error in your SQL syntax; check the manual that corresponds to your MySQL server version for the right syntax to use near '=male where id=32' at line 1","mysql> alter table oil modify column gender = male where id=32;","ERROR 1064 (42000): You have an error in your SQL syntax; check the manual that corresponds to your MySQL server version for the right syntax to use near '= male where id=32' at line 1","mysql> alter table oil modify column gender = 'male' where id=32;","ERROR 1064 (42000): You have an error in your SQL syntax; check the manual that corresponds to your MySQL server version for the right syntax to use near '= 'male' where id=32' at line 1","mysql> alter table oil modify column gender = 'male' on id=32;","ERROR 1064 (42000): You have an error in your SQL syntax; check the manual that corresponds to your MySQL server version for the right syntax to use near '= 'male' on id=32' at line 1","mysql> create table student(id int,name varchar(78),gender varchar(78),branch varchar(78));","ERROR 1050 (42S01): Table 'student' already exists","mysql> create table stud(id int,name varchar(78),gender varchar(78),branch varchar(78));","Query OK, 0 rows affected (0.01 sec)","","mysql> insert into stud values(1,'pothuraju','male','banglore'),(2,'sita','female','cse');","Query OK, 2 rows affected (0.00 sec)","Records: 2  Duplicates: 0  Warnings: 0","","mysql> insert into stud values(8,'ravana','male','ece'),(5,'divya','female','cse');","Query OK, 2 rows affected (0.00 sec)","Records: 2  Duplicates: 0  Warnings: 0","","mysql> insert into stud values(65,'hari','male','ece'),(41,'janu','female','mech');","Query OK, 2 rows affected (0.01 sec)","Records: 2  Duplicates: 0  Warnings: 0","","mysql> select * from stud;","+------+-----------+--------+----------+","| id   | name      | gender | branch   |","+------+-----------+--------+----------+","|    1 | pothuraju | male   | banglore |","|    2 | sita      | female | cse      |","|    8 | ravana    | male   | ece      |","|    5 | divya     | female | cse      |","|   65 | hari      | male   | ece      |","|   41 | janu      | female | mech     |","+------+-----------+--------+----------+","6 rows in set (0.00 sec)","","mysql> select branch,count(id) from stud group by branch;","+----------+-----------+","| branch   | count(id) |","+----------+-----------+","| banglore |         1 |","| cse      |         2 |","| ece      |         2 |","| mech     |         1 |","+----------+-----------+","4 rows in set (0.03 sec)","","mysql> select gender,count(id) from stud group by gender;","+--------+-----------+","| gender | count(id) |","+--------+-----------+","| male   |         3 |","| female |         3 |","+--------+-----------+","2 rows in set (0.00 sec)","","mysql> select gender,avg(id) from stud group by gender;","+--------+---------+","| gender | avg(id) |","+--------+---------+","| male   | 24.6667 |","| female | 16.0000 |","+--------+---------+","2 rows in set (0.00 sec)","","mysql> select gender,max(id) from stud group by gender;","+--------+---------+","| gender | max(id) |","+--------+---------+","| male   |      65 |","| female |      41 |","+--------+---------+","2 rows in set (0.00 sec)","","mysql> select gender,min(id) from stud group by gender;","+--------+---------+","| gender | min(id) |","+--------+---------+","| male   |       1 |","| female |       2 |","+--------+---------+","2 rows in set (0.00 sec)","","mysql> select branch,min(id) from stud group by branch;","+----------+---------+","| branch   | min(id) |","+----------+---------+","| banglore |       1 |","| cse      |       2 |","| ece      |       8 |","| mech     |      41 |","+----------+---------+","4 rows in set (0.00 sec)","","mysql> select branch,max(id) from stud group by branch;","+----------+---------+","| branch   | max(id) |","+----------+---------+","| banglore |       1 |","| cse      |       5 |","| ece      |      65 |","| mech     |      41 |","+----------+---------+","4 rows in set (0.00 sec)","","mysql> select branch,avg(id) from stud group by branch;","+----------+---------+","| branch   | avg(id) |","+----------+---------+","| banglore |  1.0000 |","| cse      |  3.5000 |","| ece      | 36.5000 |","| mech     | 41.0000 |","+----------+---------+","4 rows in set (0.00 sec)","","mysql>","mysql> select branch,count(branch) from stud group by branch having count(id)=1;","+----------+---------------+","| branch   | count(branch) |","+----------+---------------+","| banglore |             1 |","| mech     |             1 |","+----------+---------------+","2 rows in set (0.00 sec)","","mysql> select branch,count(branch) from stud group by branch having count(id)>1;","+--------+---------------+","| branch | count(branch) |","+--------+---------------+","| cse    |             2 |","| ece    |             2 |","+--------+---------------+","2 rows in set (0.00 sec)","","mysql> select branch,count(branch) from stud group by branch having count(id)<1;","Empty set (0.00 sec)","","mysql> select branch,max(id) from stud group by branch having count(id)>50;","Empty set (0.00 sec)","","mysql> select branch,min(id) from stud group by branch having count(id)>50;","Empty set (0.00 sec)","","mysql> select branch,count(branch) from stud group by branch having count(id)>50;","Empty set (0.00 sec)","","mysql> alter table stud add salary int;","Query OK, 0 rows affected (0.01 sec)","Records: 0  Duplicates: 0  Warnings: 0","","mysql> insert into stud values(85,'ramudu','male','aids',6985),(65,'siva','male','aiml',4125);","Query OK, 2 rows affected (0.01 sec)","Records: 2  Duplicates: 0  Warnings: 0","","mysql> insert into stud values(72,'ganesh','male','aids',6925),(46,'kanth','male','aiml',415);","Query OK, 2 rows affected (0.01 sec)","Records: 2  Duplicates: 0  Warnings: 0","","mysql> select * from stud;","+------+-----------+--------+----------+--------+","| id   | name      | gender | branch   | salary |","+------+-----------+--------+----------+--------+","|    1 | pothuraju | male   | banglore |   NULL |","|    2 | sita      | female | cse      |   NULL |","|    8 | ravana    | male   | ece      |   NULL |","|    5 | divya     | female | cse      |   NULL |","|   65 | hari      | male   | ece      |   NULL |","|   41 | janu      | female | mech     |   NULL |","|   85 | ramudu    | male   | aids     |   6985 |","|   65 | siva      | male   | aiml     |   4125 |","|   72 | ganesh    | male   | aids     |   6925 |","|   46 | kanth     | male   | aiml     |    415 |","+------+-----------+--------+----------+--------+"],"stylingDirectives":[[],[],[],[],[],[],[],[],[],[],[],[],[],[],[],[],[],[],[],[],[],[],[],[],[],[],[],[],[],[],[],[],[],[],[],[],[],[],[],[],[],[],[],[],[],[],[],[],[],[],[],[],[],[],[],[],[],[],[],[],[],[],[],[],[],[],[],[],[],[],[],[],[],[],[],[],[],[],[],[],[],[],[],[],[],[],[],[],[],[],[],[],[],[],[],[],[],[],[],[],[],[],[],[],[],[],[],[],[],[],[],[],[],[],[],[],[],[],[],[],[],[],[],[],[],[],[],[],[],[],[],[],[],[],[],[],[],[],[],[],[],[],[],[],[],[],[],[],[],[],[],[],[],[],[],[],[],[],[],[],[],[],[],[],[],[],[],[],[],[],[],[],[],[],[],[],[],[],[],[],[],[],[],[],[],[],[],[],[],[],[],[],[],[],[],[],[],[],[],[],[],[],[],[],[],[],[],[],[],[],[],[],[],[],[],[],[],[],[],[],[]],"csv":null,"csvError":null,"dependabotInfo":{"showConfigurationBanner":false,"configFilePath":null,"networkDependabotPath":"/dhamu947/CSA0522/network/updates","dismissConfigurationNoticePath":"/settings/dismiss-notice/dependabot_configuration_notice","configurationNoticeDismissed":null,"repoAlertsPath":"/dhamu947/CSA0522/security/dependabot","repoSecurityAndAnalysisPath":"/dhamu947/CSA0522/settings/security_analysis","repoOwnerIsOrg":false,"currentUserCanAdminRepo":false},"displayName":"EXP12-TCL Commands – COMMIT, ROLLBACK, SAVEPOINT","displayUrl":"https://github.com/dhamu947/CSA0522/blob/main/EXP12-TCL%20Commands%20%E2%80%93%20COMMIT,%20ROLLBACK,%20SAVEPOINT?raw=true","headerInfo":{"blobSize":"7.2 KB","deleteInfo":{"deleteTooltip":"You must be signed in to make or propose changes"},"editInfo":{"editTooltip":"You must be signed in to make or propose changes"},"ghDesktopPath":"https://desktop.github.com","gitLfsPath":null,"onBranch":true,"shortPath":"ac1f32c","siteNavLoginPath":"/login?return_to=https%3A%2F%2Fgithub.com%2Fdhamu947%2FCSA0522%2Fblob%2Fmain%2FEXP12-TCL%2520Commands%2520%25E2%2580%2593%2520COMMIT%252C%2520ROLLBACK%252C%2520SAVEPOINT","isCSV":false,"isRichtext":false,"toc":null,"lineInfo":{"truncatedLoc":"221","truncatedSloc":"195"},"mode":"file"},"image":false,"isCodeownersFile":null,"isPlain":false,"isValidLegacyIssueTemplate":false,"issueTemplateHelpUrl":"https://docs.github.com/articles/about-issue-and-pull-request-templates","issueTemplate":null,"discussionTemplate":null,"language":null,"languageID":null,"large":false,"loggedIn":false,"newDiscussionPath":"/dhamu947/CSA0522/discussions/new","newIssuePath":"/dhamu947/CSA0522/issues/new","planSupportInfo":{"repoIsFork":null,"repoOwnedByCurrentUser":null,"requestFullPath":"/dhamu947/CSA0522/blob/main/EXP12-TCL%20Commands%20%E2%80%93%20COMMIT%2C%20ROLLBACK%2C%20SAVEPOINT","showFreeOrgGatedFeatureMessage":null,"showPlanSupportBanner":null,"upgradeDataAttributes":null,"upgradePath":null},"publishBannersInfo":{"dismissActionNoticePath":"/settings/dismiss-notice/publish_action_from_dockerfile","dismissStackNoticePath":"/settings/dismiss-notice/publish_stack_from_file","releasePath":"/dhamu947/CSA0522/releases/new?marketplace=true","showPublishActionBanner":false,"showPublishStackBanner":false},"rawBlobUrl":"https://github.com/dhamu947/CSA0522/raw/main/EXP12-TCL%20Commands%20%E2%80%93%20COMMIT,%20ROLLBACK,%20SAVEPOINT","renderImageOrRaw":false,"richText":null,"renderedFileInfo":null,"shortPath":null,"tabSize":8,"topBannersInfo":{"overridingGlobalFundingFile":false,"globalPreferredFundingPath":null,"repoOwner":"dhamu947","repoName":"CSA0522","showInvalidCitationWarning":false,"citationHelpUrl":"https://docs.github.com/en/github/creating-cloning-and-archiving-repositories/creating-a-repository-on-github/about-citation-files","showDependabotConfigurationBanner":false,"actionsOnboardingTip":null},"truncated":false,"viewable":true,"workflowRedirectUrl":null,"symbols":{"timedOut":false,"notAnalyzed":true,"symbols":[]}},"copilotInfo":null,"csrf_tokens":{"/dhamu947/CSA0522/branches":{"post":"FnSyn22msNeblujBOTEcDYC95VCJM4JKjZavg4roy_-9SkQf2oewfG6WttLz7ETCo1bpulT14MPk5eqFe7-GOw"},"/repos/preferences":{"post":"_QGvgxGElJif4N1hSs0VN7kMv8EdjhIKg4b-f0FeNfcmLiGqgh-tWtkprnyG69bVOpu28Md90T-sd7SmOLTwHg"}}},"title":"CSA0522/EXP12-TCL Commands – COMMIT, ROLLBACK, SAVEPOINT at main · dhamu947/CSA0522"}